<?xml version="1.0" encoding="utf-8"?>
<resources>
    <color name="details_background_main">#fdfdfd</color>
    <color name="details_background_main_fields">#f5fa7c</color>
    <color name="details_fields_text_foreground_color">#080808</color>
    <color name="details_fields_text_foreground_color2">#fafafa</color>
    <color name="DetailsBackgroundOtherFields">#c9c5c5</color>
    <color name="DetailsFieldsTitles">#ffffff</color>
    <color name="DetailsFieldsValues">#616060</color>
    <color name="CardBackgroundColor2">#252525</color>
    <color name="CardListBackgroundColor2">#080808</color>
    <color name="CardFieldsTextForegroundColor2">#fafafa</color>
    <color name="CardFieldsForegroundColorLowDetails2">#c9c5c5</color>   
    <color name="CardBackgroundColor">#FFF</color>
    <color name="CardListBackgroundColor">#f1efef</color>
    <color name="CardFieldsTextForegroundColor">#080a8b</color>
    <color name="card_color1">#859fd9</color>
    <color name="card_color2">#81cf81</color>
    <color name="card_color3">#d4b0dc</color>
    <color name="card_color4">#e1caa8</color>
    <color name="card_color5">#252525</color>
    <color name="card_color6">#efeb68</color>
    <color name="card_color7">#ffffff</color>
    <color name="card_color8">#a49d9d</color>
    <color name="text_forecolor1">#121d94</color>
    <color name="text_forecolor2">#de2d2a</color>
    <color name="text_forecolor3">#7a0ea3</color>
    <color name="text_forecolor4">#2c7027</color>
    <color name="text_forecolor5">#1dbe9b</color>
    <color name="text_forecolor6">#efeb68</color>
    <color name="text_forecolor7">#ffffff</color>
    <color name="text_forecolor8">#d18a8a</color>
    <color name="selected_back_color">#8cacdc</color>
    <color name="colorPrimary">#2c3e50</color>
    <color name="colorPrimaryDark">#1B3147</color>
    <color name="colorAccent">#3498db</color>
    <color name="colorHint">#999696</color>
</resources>
